{
  "benchmark": {
    "traces": 160,
    "samples": 4096,
    "dt": 0.05,
    "repeat": 3,
    "jobs": 1,
    "seed": 7,
    "noise_std": 0.015,
    "corr_smoothing_bandwidth_hz": 0.2,
    "corr_divide_denom": true,
    "corr_water_level": 0.0001,
    "corr_shift_sec": 0.0
  },
  "legacy_reference": {
    "elapsed_sec": [
      0.010245700017549098,
      0.012759900011587888,
      0.010685100045520812
    ],
    "elapsed_sec_mean": 0.011230233358219266,
    "success_count": 160,
    "mean_steps": 1.0
  },
  "optimized_single_engine": {
    "elapsed_sec": [
      0.009423799987416714,
      0.010326299990992993,
      0.009738099994137883
    ],
    "elapsed_sec_mean": 0.009829399990849197,
    "success_count": 160,
    "mean_steps": 1.0
  },
  "consistency": {
    "mae": 0.0,
    "max_abs": 0.0,
    "rmse": 0.0,
    "flatten_corrcoef": 0.9999999999999998,
    "trace_count": 160
  },
  "speedup_vs_legacy": 1.1425146365672567
}